"map_id","subject_id","real_score","best_score","err_ratio","order_1_to_30","block_1_to_5"
1,1,9206.36563517775,7646,0.204076070517624,4,1
2,1,8554.39301147785,6476,0.320937772000904,28,5
3,1,9017.83089507812,7172,0.25736627092556,22,4
4,1,10974.3498217341,7028,0.561518187497742,25,5
5,1,8411.27691252661,6999,0.201782670742478,10,2
6,1,7707.97665774562,6866,0.122629865678069,26,5
7,1,7897.05778766671,7239,0.0909045154947792,6,1
8,1,7665.55511361747,7095,0.0804165064999959,29,5
9,1,8222.9533014654,7026,0.170360560982835,20,4
10,1,10643.4186749085,7208,0.476611913833027,16,3
11,1,9034.22924711002,6836,0.321566595539792,30,5
12,1,10315.8699372047,7115,0.449876308813029,12,2
13,1,8884.90789189748,7002,0.268910010268135,3,1
14,1,9862.60206104122,7658,0.287882222648371,18,3
15,1,8093.41732659635,7254,0.115717855885904,15,3
16,1,9075.34423502634,7047,0.287830883358357,17,3
17,1,8238.94785464548,6706,0.228593476684385,13,3
18,1,8751.87170420329,7314,0.19659170142238,9,2
19,1,7760.18573130926,6795,0.142043521899818,14,3
20,1,9032.57520985479,6890,0.310968825813467,23,4
21,1,8954.36738084796,7291,0.228139813584962,21,4
22,1,7883.74542506991,6778,0.163137418865434,7,2
23,1,9841.19115531308,7520,0.308669036610782,2,1
24,1,7893.97745543393,6780,0.164303459503529,19,4
25,1,7853.66931220014,7378,0.0644713082407347,11,2
26,1,8173.27110429516,6960,0.174320560961948,24,4
27,1,8292.56155458123,7159,0.158340767506807,1,1
28,1,9118.30425498472,7292,0.250453134254624,5,1
29,1,8446.3347698995,7397,0.141859506543126,27,5
30,1,11968.5577058489,7311,0.637061647633555,8,2
1,2,11073.8076110016,7646,0.448313838739416,12,2
2,2,9203.14952812689,6476,0.421116357030094,6,1
3,2,10059.0820710763,7172,0.402549089664843,9,2
4,2,9057.36405063235,7028,0.288754133556111,29,5
5,2,8067.64040868606,6999,0.152684727630527,30,5
6,2,8741.65604372594,6866,0.273180315136315,2,1
7,2,8915.11760741459,7239,0.231539937479568,23,4
8,2,8327.13013465772,7095,0.173661752594464,28,5
9,2,10311.5754360262,7026,0.467631004273585,1,1
10,2,9196.26279938819,7208,0.275841120891813,13,3
11,2,9148.81330929546,6836,0.338328453671073,11,2
12,2,9502.80895483405,7115,0.335602101874076,4,1
13,2,10959.7723372043,7002,0.56523455258559,26,5
14,2,10023.7304931148,7658,0.308922759612793,20,4
15,2,9568.82126423068,7254,0.319109631131883,22,4
16,2,9411.6754984752,7047,0.335557754856705,24,4
17,2,8075.44245587802,6706,0.204211520411277,18,3
18,2,10552.4268273937,7314,0.442770963548491,19,4
19,2,9903.86669801709,6795,0.457522692864914,21,4
20,2,10175.3563489994,6890,0.476829658780755,3,1
21,2,10554.6909648863,7291,0.447632830186028,17,3
22,2,8026.85805463909,6778,0.184251704726924,5,1
23,2,10345.2236323622,7520,0.375694631963055,25,5
24,2,8205.69519436959,6780,0.210279527193155,10,2
25,2,9889.94553545151,7378,0.340464290519315,7,2
26,2,8379.04244883925,6960,0.203885409315984,15,3
27,2,8611.76664825588,7159,0.202928711867004,27,5
28,2,12541.355675091,7292,0.719878726699264,16,3
29,2,10278.759689865,7397,0.389584924951335,8,2
30,2,9641.81961520951,7311,0.318809959678499,14,3
1,3,9606.20839538905,7646,0.256370441458155,2,1
2,3,8770.10866905773,6476,0.354247787068828,20,4
3,3,8182.65426654177,7172,0.140916657353844,9,2
4,3,8593.84158902629,7028,0.222800453760144,12,2
5,3,7538.76866886707,6999,0.0771208270991664,18,3
6,3,8363.03081771999,6866,0.2180353652374,5,1
7,3,7863.66243803519,7239,0.0862912609525054,11,2
8,3,9101.18614056954,7095,0.282760555400922,27,5
9,3,8603.09229296931,7026,0.22446517121681,24,4
10,3,9374.73134285216,7208,0.300600907720888,22,4
11,3,7925.13757691037,6836,0.159323811718896,15,3
12,3,8902.22708977723,7115,0.25119143918162,10,2
13,3,8105.53139048675,7002,0.157602312266031,26,5
14,3,9115.38893583373,7658,0.190309341320675,16,3
15,3,9148.92659755281,7254,0.261225061697382,6,1
16,3,8104.397176103,7047,0.150049265801476,29,5
17,3,7427.33750621756,6706,0.107565986611625,28,5
18,3,8465.43197303409,7314,0.15742848961363,21,4
19,3,7835.1934969552,6795,0.153082192340722,19,4
20,3,7247.09593373245,6890,0.0518281471309804,7,2
21,3,7800.35028568371,7291,0.0698601406780564,25,5
22,3,7946.81224932278,6778,0.172442055078604,17,3
23,3,10445.8402374642,7520,0.389074499662797,3,1
24,3,7655.71713386397,6780,0.129161819153978,30,5
25,3,9249.9549131676,7378,0.253721186387585,1,1
26,3,8178.06687641588,6960,0.175009608680442,14,3
27,3,9034.93753725758,7159,0.262039046969909,23,4
28,3,8650.88507094416,7292,0.186352862170071,4,1
29,3,8324.73738457098,7397,0.125420763089223,8,2
30,3,8655.99118363808,7311,0.183968155332797,13,3
1,4,10108.8869811742,7646,0.322114436460134,13,3
2,4,9539.52439489658,6476,0.473058121509664,15,3
3,4,8469.73955047727,7172,0.180945280323099,18,3
4,4,7971.27949559324,7028,0.134217344279061,25,5
5,4,9381.51293401453,6999,0.340407620233537,20,4
6,4,7563.41758836785,6866,0.101575529910843,14,3
7,4,8203.68045228832,7239,0.133261562686603,10,2
8,4,8279.05494099001,7095,0.166885826778014,7,2
9,4,8202.61446406518,7026,0.167465764882605,8,2
10,4,8589.60945742307,7208,0.191677227722401,21,4
11,4,8462.59461837572,6836,0.237945380101772,24,4
12,4,8901.60067134294,7115,0.251103397237237,6,1
13,4,7999.74382442915,7002,0.142494119455748,19,4
14,4,8900.52877507336,7658,0.162252386402894,16,3
15,4,8582.23166159041,7254,0.183103344580977,29,5
16,4,8672.20101575326,7047,0.230623104264689,5,1
17,4,7838.35160659457,6706,0.168856487711687,27,5
18,4,8351.92573787311,7314,0.14190945281284,26,5
19,4,8412.29825962735,6795,0.23801298890763,3,1
20,4,7910.60427937754,6890,0.148128342435057,23,4
21,4,8715.55819369329,7291,0.195385844698024,4,1
22,4,7820.57095346163,6778,0.153816900776281,2,1
23,4,9052.2942919431,7520,0.203762538822221,9,2
24,4,8292.48459203005,6780,0.223080323308267,12,2
25,4,9587.89396511497,7378,0.299524798741525,17,3
26,4,7890.24859488539,6960,0.133656407311119,28,5
27,4,8237.01325851692,7159,0.150581541907658,22,4
28,4,9058.82508254556,7292,0.242296363486775,11,2
29,4,10283.7757507973,7397,0.390263045937177,1,1
30,4,9105.06654115113,7311,0.245392769956384,30,5
1,5,8355.05467728432,7646,0.0927353750044887,14,3
2,5,7285.08132598095,6476,0.124935349904408,2,1
3,5,7420.53582051542,7172,0.0346536280696352,20,4
4,5,7235.69637695929,7028,0.0295527001934103,29,5
5,5,7482.67157316402,6999,0.0691058112821866,5,1
6,5,7543.57752756068,6866,0.0986859201224412,28,5
7,5,9230.26087126027,7239,0.275074025591969,18,3
8,5,7639.4758943719,7095,0.0767407884949826,30,5
9,5,7902.27758610365,7026,0.124719269300264,23,4
10,5,8309.76798270426,7208,0.152853493715907,8,2
11,5,7905.00739634048,6836,0.156379080798783,4,1
12,5,8578.97596831035,7115,0.205759096037997,25,5
13,5,8061.90265707253,7002,0.151371416319984,17,3
14,5,8494.96344065324,7658,0.109292692694337,27,5
15,5,8158.46384012955,7254,0.124684841484637,3,1
16,5,9518.25071940297,7047,0.350681242997441,24,4
17,5,6856.11648856093,6706,0.0223853994275167,16,3
18,5,7794.41832552489,7314,0.0656847587537449,26,5
19,5,7471.79652754099,6795,0.0996021379751274,12,2
20,5,7409.10274286447,6890,0.0753414721138569,15,3
21,5,8504.61133248563,7291,0.166453344189498,1,1
22,5,7853.27027153264,6778,0.158641232152943,10,2
23,5,8301.50931765404,7520,0.103924111390165,13,3
24,5,8098.93123489186,6780,0.194532630515024,9,2
25,5,7602.59225312678,7378,0.0304408041646487,22,4
26,5,7712.07566723058,6960,0.108056848740026,21,4
27,5,7600.95304707909,7159,0.0617339079590846,11,2
28,5,7644.04385520664,7292,0.0482780931440818,7,2
29,5,9018.7717387523,7397,0.219247227085616,19,4
30,5,8202.36069860767,7311,0.121920489482652,6,1
1,6,8946.75710019452,7646,0.170122560841553,20,4
2,6,6905.00807900272,6476,0.0662458429590369,7,2
3,6,7988.21253191161,7172,0.113805428320079,5,1
4,6,8151.501823755,7028,0.15986081726736,22,4
5,6,7612.09805249513,6999,0.0875979500635987,23,4
6,6,7725.9419181303,6866,0.125246419768467,8,2
7,6,8107.59233167611,7239,0.119987889442756,1,1
8,6,7627.30323035593,7095,0.0750251205575663,30,5
9,6,7602.81315182073,7026,0.0820969473129416,11,2
10,6,7630.46766444815,7208,0.0586109412386439,16,3
11,6,7206.67738119867,6836,0.0542243097130879,28,5
12,6,8173.58316934829,7115,0.148781893091819,2,1
13,6,8018.30731447943,7002,0.145145289128739,17,3
14,6,8385.80904791455,7658,0.0950390503936472,10,2
15,6,7943.61197539524,7254,0.0950664427068155,3,1
16,6,8222.93184262648,7047,0.166869851373134,29,5
17,6,7136.50509836094,6706,0.0641970024397472,4,1
18,6,7862.99642281385,7314,0.0750610367533293,12,2
19,6,7077.6630859512,6795,0.0415986881458718,26,5
20,6,8526.03299712857,6890,0.237450362427949,24,4
21,6,8616.78443135313,7291,0.181838490104668,21,4
22,6,7166.96789282408,6778,0.057386823963423,27,5
23,6,8781.08230019205,7520,0.167697114387241,15,3
24,6,8051.76475073718,6780,0.187575921937637,18,3
25,6,8153.1812406049,7378,0.105066581811453,9,2
26,6,7542.40501997913,6960,0.0836788821809094,6,1
27,6,9189.7677063557,7159,0.283666392841975,14,3
28,6,7697.56428246371,7292,0.0556177019286494,19,4
29,6,8461.99645151746,7397,0.143976808370618,25,5
30,6,8224.1031908351,7311,0.124894431792518,13,3
1,7,9856.79583962028,7646,0.289144106672807,11,2
2,7,7219.12220146628,6476,0.114750185525985,13,3
3,7,10559.1832394526,7172,0.472278756198079,4,1
4,7,8972.0974789167,7028,0.276621724376309,22,4
5,7,7347.66535668086,6999,0.049816453304881,16,3
6,7,7799.30878210595,6866,0.135931951952512,2,1
7,7,8120.0351997881,7239,0.121706755047396,8,2
8,7,7783.51810783406,7095,0.0970427213296766,5,1
9,7,10814.9732387898,7026,0.539278855506663,14,3
10,7,7819.68181377364,7208,0.0848615168942348,28,5
11,7,7865.13391693162,6836,0.150546213711471,10,2
12,7,8474.90894215772,7115,0.191132669312399,20,4
13,7,8257.92575594917,7002,0.179366717502023,6,1
14,7,8006.29999667077,7658,0.0454818486120096,12,2
15,7,9822.17941429413,7254,0.354036312971344,21,4
16,7,8083.03309721491,7047,0.147017609935421,9,2
17,7,9599.99188467106,6706,0.431552622229505,24,4
18,7,9133.33423366604,7314,0.248746818931644,29,5
19,7,9749.57724097705,6795,0.434816371004716,18,3
20,7,7686.15335216319,6890,0.115552010473613,17,3
21,7,10048.9960836603,7291,0.378274047957803,30,5
22,7,7576.9079538556,6778,0.117867800804898,19,4
23,7,9940.84929432048,7520,0.321921448712829,7,2
24,7,7822.15610659322,6780,0.153710340205489,23,4
25,7,11726.3659224378,7378,0.589369195234181,25,5
26,7,8291.63993758558,6960,0.191327577239307,27,5
27,7,8674.30880819287,7159,0.211664870539582,15,3
28,7,7511.59647326904,7292,0.0301147110901045,26,5
29,7,9212.92586145445,7397,0.245494911647215,1,1
30,7,10162.6458035849,7311,0.390048666883446,3,1
1,8,9283.70415706261,7646,0.214190970057888,13,3
2,8,7141.44211193897,6476,0.102755113023313,9,2
3,8,8543.95193800105,7172,0.191292796709572,4,1
4,8,7807.93671021433,7028,0.110975627520536,12,2
5,8,8363.59396357887,6999,0.194969847632358,30,5
6,8,7360.20394928614,6866,0.0719784371229446,24,4
7,8,7997.43159220556,7239,0.104770215804056,25,5
8,8,7583.60431514026,7095,0.0688660063622629,20,4
9,8,7537.95046583736,7026,0.0728651388894615,17,3
10,8,8412.28746673803,7208,0.167076507594067,7,2
11,8,8509.98024838736,6836,0.244877157458655,14,3
12,8,8520.15944698715,7115,0.197492543497842,3,1
13,8,8433.36502926541,7002,0.204422312091604,11,2
14,8,8224.29153162384,7658,0.0739477058793214,6,1
15,8,8150.37255501854,7254,0.12356941756528,18,3
16,8,8368.57337287999,7047,0.187537018998154,26,5
17,8,7276.69312370341,6706,0.085101867537043,16,3
18,8,8317.93053399923,7314,0.13726148947214,10,2
19,8,8185.42326285768,6795,0.204624468411726,19,4
20,8,7590.9561688419,6890,0.101735293010435,28,5
21,8,7674.41561078932,7291,0.0525875203386801,15,3
22,8,7970.87490633558,6778,0.175992166765355,29,5
23,8,8306.19187373335,7520,0.10454679171986,22,4
24,8,7947.39930312159,6780,0.172182788071031,1,1
25,8,8528.34466583616,7378,0.155915514480368,8,2
26,8,8411.16048381065,6960,0.208500069513024,5,1
27,8,8088.3364821906,7159,0.129813728480318,27,5
28,8,9121.21567429631,7292,0.250852396365375,23,4
29,8,8533.45489357364,7397,0.153637270998194,2,1
30,8,8508.69813381435,7311,0.163821383369492,21,4
1,9,8459.86452098428,7646,0.106443175645341,29,5
2,9,7288.58629943674,6476,0.125476574959348,12,2
3,9,8893.55768411215,7172,0.240038717807048,14,3
4,9,7571.72374345629,7028,0.0773653590575255,27,5
5,9,8107.79007993692,6999,0.158421214450196,21,4
6,9,8240.95252710628,6866,0.200255247175397,26,5
7,9,7919.00140349013,7239,0.0939358203467503,3,1
8,9,8662.65712087697,7095,0.2209523778544,19,4
9,9,7415.7024398742,7026,0.0554657614395383,15,3
10,9,8166.86345116488,7208,0.133027670805338,2,1
11,9,9317.63105700759,6836,0.363023852692742,1,1
12,9,8506.27255936191,7115,0.195540767303149,18,3
13,9,7871.06082046416,7002,0.124116084042296,9,2
14,9,8546.90789255421,7658,0.116075723760016,8,2
15,9,8349.68595475751,7254,0.151045761615317,7,2
16,9,8776.09396405417,7047,0.245365966234451,4,1
17,9,7238.2964496639,6706,0.0793761481753504,10,2
18,9,9404.30784530473,7314,0.285795439609615,22,4
19,9,8187.37083534036,6795,0.20491108687864,30,5
20,9,7897.41796346729,6890,0.146214508485818,25,5
21,9,7768.3898257133,7291,0.0654765911004382,13,3
22,9,7733.85966026335,6778,0.141023850732274,11,2
23,9,9329.22183302063,7520,0.24058800971019,28,5
24,9,7612.67137907085,6780,0.122812887768563,23,4
25,9,9235.63771835224,7378,0.251780661202527,24,4
26,9,8868.7515707758,6960,0.274245915341351,17,3
27,9,8503.80893666351,7159,0.187848713041418,6,1
28,9,9373.10070411208,7292,0.285395049933089,20,4
29,9,8851.97910282896,7397,0.196698540331075,5,1
30,9,8048.00377303431,7311,0.10080751922231,16,3
1,10,8869.3637656549,7646,0.160000492499987,22,4
2,10,7552.81502696796,6476,0.166277799099438,5,1
3,10,8153.32739699914,7172,0.136827579057326,21,4
4,10,8972.05315966711,7028,0.276615418279327,3,1
5,10,9168.29201588639,6999,0.309943137003342,9,2
6,10,8313.58910019307,6866,0.210834415990834,2,1
7,10,10757.5464946214,7239,0.486054219453162,20,4
8,10,7963.93370854894,7095,0.122471276751084,11,2
9,10,8626.17286191531,7026,0.227750193839355,10,2
10,10,8330.21474354381,7208,0.155690169748032,27,5
11,10,8075.21634425948,6836,0.181277990675758,4,1
12,10,9928.43185446535,7115,0.395422607795552,19,4
13,10,8078.41399873268,7002,0.153729505674476,13,3
14,10,8535.98059685265,7658,0.114648811289195,14,3
15,10,8563.73195739621,7254,0.180553068292833,15,3
16,10,9822.94287548727,7047,0.393918387326134,1,1
17,10,7688.34237144971,6706,0.146487081934046,29,5
18,10,9033.17392383772,7314,0.235052491637643,17,3
19,10,8268.76579504474,6795,0.216889741728438,8,2
20,10,8294.24492932745,6890,0.203809133429238,24,4
21,10,8353.67253168281,7291,0.145751273032891,30,5
22,10,9967.72272549325,6778,0.470599398862976,25,5
23,10,10814.43151946,7520,0.438089297800525,28,5
24,10,8074.1206843208,6780,0.190873257274454,26,5
25,10,8432.46683781283,7378,0.142920417160861,16,3
26,10,9389.14362862681,6960,0.349014889170519,18,3
27,10,8105.02137368984,7159,0.132144346094404,7,2
28,10,9444.18121424476,7292,0.295142788568946,6,1
29,10,8806.22065523671,7397,0.190512458461093,23,4
30,10,8726.18791428717,7311,0.193569677785141,12,2
1,11,9281.78252156293,7646,0.213939644462848,13,3
2,11,7380.93122293971,6476,0.139736136957954,23,4
3,11,8184.34105281935,7172,0.141151847855458,1,1
4,11,8640.7218352381,7028,0.229470949806218,25,5
5,11,8330.39555774063,6999,0.190226540611605,27,5
6,11,7576.54988537297,6866,0.103488186043252,30,5
7,11,7906.47300537612,7239,0.0922051395739904,19,4
8,11,7646.27583822404,7095,0.0776992020047976,12,2
9,11,8323.01460762859,7026,0.184602136013178,28,5
10,11,8602.39882082522,7208,0.19345155671826,8,2
11,11,7462.32758848208,6836,0.0916219409716319,15,3
12,11,8389.98740422798,7115,0.179197105302597,9,2
13,11,8462.8079995333,7002,0.208627249290674,21,4
14,11,10379.3807960569,7658,0.355364428840022,29,5
15,11,8058.79822414305,7254,0.110945440328515,10,2
16,11,8057.01620341598,7047,0.143325699363698,2,1
17,11,8539.30668491517,6706,0.273383042784846,22,4
18,11,8028.87976797481,7314,0.0977412862968018,16,3
19,11,7403.46981217384,6795,0.0895466978916621,17,3
20,11,7759.11124876343,6890,0.126140964987436,5,1
21,11,8111.70797504301,7291,0.112564528191334,6,1
22,11,7450.58135504574,6778,0.0992300612342486,14,3
23,11,10753.8352831307,7520,0.430031287650353,11,2
24,11,7924.94768169649,6780,0.168871339483258,4,1
25,11,8789.36534176453,7378,0.191293757354911,7,2
26,11,7444.60865532329,6960,0.0696276803625416,20,4
27,11,7999.92800306071,7159,0.117464450769759,26,5
28,11,8168.0562314275,7292,0.120139362510627,3,1
29,11,8798.55777818362,7397,0.189476514557743,18,3
30,11,8155.48323395227,7311,0.115508580762176,24,4
1,12,8531.66088976883,7646,0.115833231724932,11,2
2,12,7431.19787694005,6476,0.147498128001861,5,1
3,12,8081.56069352395,7172,0.126821067139424,26,5
4,12,7530.68266577493,7028,0.0715257065701384,13,3
5,12,9031.83285809148,6999,0.290446186325401,29,5
6,12,7543.39478032468,6866,0.0986593038631919,4,1
7,12,7778.11474412383,7239,0.0744736488636322,24,4
8,12,7700.07183277702,7095,0.085281442251871,23,4
9,12,8563.85562461292,7026,0.218880675293612,22,4
10,12,8300.2794674458,7208,0.151537107026332,25,5
11,12,8630.90360876914,6836,0.262566355876118,28,5
12,12,8131.33235932669,7115,0.142843620425396,30,5
13,12,8555.90541849265,7002,0.221923081761304,1,1
14,12,8848.41215409643,7658,0.155446873086501,3,1
15,12,9128.81829411206,7254,0.258453031997803,8,2
16,12,7636.37271755969,7047,0.083634556202596,10,2
17,12,7745.02547525429,6706,0.154939677192707,18,3
18,12,8329.18886586189,7314,0.138800774659816,7,2
19,12,7241.64207214473,6795,0.0657309892781057,9,2
20,12,7509.74842139713,6890,0.089948972626579,17,3
21,12,9079.86205056577,7291,0.245352084839634,20,4
22,12,8070.97650727519,6778,0.190760771212038,12,2
23,12,8485.52814201664,7520,0.128394699736256,6,1
24,12,7931.54777387668,6780,0.16984480440659,19,4
25,12,8262.21681023599,7378,0.11984505424722,27,5
26,12,7406.60434295087,6960,0.0641672906538609,15,3
27,12,8243.159081302,7159,0.151440016943986,16,3
28,12,8583.17000781644,7292,0.177066649453708,21,4
29,12,8566.27417718815,7397,0.1580741080422,2,1
30,12,7808.89612016139,7311,0.0681023280209801,14,3
1,13,12318.3608245645,7646,0.611085642762814,24,4
2,13,8405.29988063894,6476,0.29791536143282,19,4
3,13,11413.281137033,7172,0.591366583523848,16,3
4,13,8833.83417745706,7028,0.256948516997305,17,3
5,13,8108.92462456721,6999,0.158583315411803,11,2
6,13,8074.91382875286,6866,0.176072506372395,12,2
7,13,10355.7784687548,7239,0.430553732387733,20,4
8,13,8576.84050967794,7095,0.208857013344318,6,1
9,13,9761.88203510347,7026,0.389393970268071,4,1
10,13,8833.95654041897,7208,0.225576656550912,14,3
11,13,7679.6790942151,6836,0.123417070540535,8,2
12,13,9131.81525064581,7115,0.283459627638202,9,2
13,13,8357.61123891444,7002,0.193603433149735,27,5
14,13,9222.76903382848,7658,0.204331291959843,28,5
15,13,8626.9305203476,7254,0.189265304707416,13,3
16,13,8155.14581363584,7047,0.157250718551986,2,1
17,13,7430.31762834052,6706,0.108010382991428,3,1
18,13,9255.01229722589,7314,0.265383141540319,1,1
19,13,7596.69198678037,6795,0.117982632344426,5,1
20,13,8240.63475188608,6890,0.196028265876064,21,4
21,13,9191.09646451547,7291,0.260608485052184,30,5
22,13,10147.6385089997,6778,0.497143480230113,15,3
23,13,9737.83964840739,7520,0.294925485160557,10,2
24,13,8231.10038724235,6780,0.214026605787957,7,2
25,13,11070.0281553885,7378,0.500410430386082,26,5
26,13,9015.27985019259,6960,0.295298829050659,23,4
27,13,9496.39099771486,7159,0.326496856783749,22,4
28,13,10543.1418558615,7292,0.445850501352372,25,5
29,13,10189.0086126253,7397,0.377451482036675,29,5
30,13,10947.4376117808,7311,0.497392642836934,18,3
1,14,9771.23813933714,7646,0.277954242654609,22,4
2,14,7889.31558202483,6476,0.218238971900066,23,4
3,14,11182.120122069,7172,0.559135544069849,17,3
4,14,10208.9364246712,7028,0.452609053026634,30,5
5,14,8618.11323635807,6999,0.23133493875669,18,3
6,14,8324.99988295325,6866,0.212496341822496,8,2
7,14,7840.97984596753,7239,0.0831578734587001,12,2
8,14,7956.0252765228,7095,0.121356628121607,24,4
9,14,8650.76706163816,7026,0.23125064925109,11,2
10,14,8783.20968946321,7208,0.218536305419424,2,1
11,14,8314.68682714966,6836,0.21630878103418,9,2
12,14,8872.18616792041,7115,0.246969243558737,29,5
13,14,8614.53820074808,7002,0.230296801020863,26,5
14,14,9531.96361701787,7658,0.244706661924507,13,3
15,14,11001.8943333248,7254,0.516665885487296,1,1
16,14,9390.27942842225,7047,0.332521559304988,14,3
17,14,8869.43974918792,6706,0.322612548342965,5,1
18,14,10532.7204820377,7314,0.440076631397,6,1
19,14,9081.34084105336,6795,0.33647400162669,27,5
20,14,10117.7943897034,6890,0.468475237983071,15,3
21,14,10596.761199251,7291,0.453402989884927,19,4
22,14,8468.26742833194,6778,0.24937554268692,4,1
23,14,8472.07964919153,7520,0.12660633632866,21,4
24,14,8137.05149718484,6780,0.20015508808036,3,1
25,14,12167.2974264999,7378,0.649132207441028,20,4
26,14,8688.63632799485,6960,0.248367288505008,25,5
27,14,10151.3006392078,7159,0.417977460428525,7,2
28,14,9669.31635856013,7292,0.32601705410863,10,2
29,14,9158.23092747591,7397,0.238100706702164,16,3
30,14,8418.67291978356,7311,0.151507717108953,28,5
1,15,8661.88248659096,7646,0.132864567955919,3,1
2,15,7708.12097837478,6476,0.190259570471709,26,5
3,15,9002.86891765164,7172,0.255280105640217,10,2
4,15,8218.59098369198,7028,0.16940679904553,2,1
5,15,7444.73813975851,6999,0.0636859751048022,9,2
6,15,7415.05563500197,6866,0.0799673223131321,27,5
7,15,8241.29436026625,7239,0.138457571524555,7,2
8,15,8986.4159105558,7095,0.266584342573052,21,4
9,15,7873.33791960391,7026,0.120600330145731,25,5
10,15,9676.69387005655,7208,0.342493600174327,17,3
11,15,8177.50389762224,6836,0.196241061676747,8,2
12,15,8142.06301744729,7115,0.144351794440941,12,2
13,15,8020.78968535324,7002,0.145499812246964,23,4
14,15,8651.63232842568,7658,0.129750891672197,15,3
15,15,8328.85045678846,7254,0.148173484531081,22,4
16,15,8821.46818908198,7047,0.251804766437063,30,5
17,15,7691.46059130424,6706,0.146952071473939,6,1
18,15,8483.05685224314,7314,0.15983823519868,4,1
19,15,7398.91518092762,6795,0.08887640631753,24,4
20,15,8198.2659792742,6890,0.189878951999159,18,3
21,15,10026.4821986347,7291,0.375186147117643,5,1
22,15,7469.66701189085,6778,0.102045885495847,19,4
23,15,8699.22176620663,7520,0.156811405080668,11,2
24,15,7567.86515511,6780,0.116204300163717,20,4
25,15,8330.88627751898,7378,0.129152382423283,29,5
26,15,7869.11894994931,6960,0.13062053878582,14,3
27,15,9532.34066533432,7159,0.331518461423986,13,3
28,15,8773.27416999771,7292,0.203136885627771,1,1
29,15,8975.88718436454,7397,0.213449666670886,28,5
30,15,8348.88217013854,7311,0.141961724817198,16,3
1,16,8765.20518461401,7646,0.146377868769816,26,5
2,16,7848.65526486163,6476,0.211960355908219,5,1
3,16,9384.7929838165,7172,0.308532206332474,7,2
4,16,9725.118592966,7028,0.383767585794821,13,3
5,16,9408.90461658617,6999,0.344321276837573,9,2
6,16,7841.17918780095,6866,0.14203017591042,1,1
7,16,8423.7108143109,7239,0.163656694890303,8,2
8,16,7804.87212935072,7095,0.100052449520891,3,1
9,16,8710.77071763412,7026,0.239790879253362,14,3
10,16,8863.29966293993,7208,0.229647567000545,10,2
11,16,7903.29471188741,6836,0.156128541820861,20,4
12,16,9506.05466229833,7115,0.33605828001382,6,1
13,16,8451.33252934091,7002,0.206988364658799,19,4
14,16,9802.39098356184,7658,0.280019715795487,4,1
15,16,8035.30605616986,7254,0.107706928063119,30,5
16,16,8666.05440860583,7047,0.229750873932997,29,5
17,16,7417.61509620459,6706,0.106116178974738,11,2
18,16,8501.48523710775,7314,0.162357839363925,22,4
19,16,8014.43898351592,6795,0.179461219060474,21,4
20,16,8125.85593122195,6890,0.179369511062693,15,3
21,16,7909.44840735923,7291,0.0848235368754951,18,3
22,16,7822.66368280806,6778,0.154125653999419,24,4
23,16,11612.4226387235,7520,0.544205138128119,2,1
24,16,8336.72674174004,6780,0.22960571412095,27,5
25,16,10541.7635025125,7378,0.428810450326987,16,3
26,16,7715.73567920638,6960,0.108582712529653,12,2
27,16,8617.67092818323,7159,0.203753447155082,25,5
28,16,8418.9689618996,7292,0.154548678263796,28,5
29,16,9145.19708542808,7397,0.236338662353398,23,4
30,16,10581.5626079088,7311,0.447348188744192,17,3
1,17,9094.90481671875,7646,0.189498406581056,16,3
2,17,8419.26315400035,6476,0.300071518530011,28,5
3,17,9071.42426872085,7172,0.264838855092143,14,3
4,17,8067.5356377882,7028,0.147913437363148,19,4
5,17,7614.9168034479,6999,0.088000686304887,11,2
6,17,7164.20532925347,6866,0.043432177287135,20,4
7,17,8453.07309398855,7239,0.167712818619775,1,1
8,17,8426.5543360225,7095,0.187675029742425,5,1
9,17,9407.55373564805,7026,0.338962956966702,8,2
10,17,8156.34062865244,7208,0.131567789768651,23,4
11,17,8154.80613333272,6836,0.192920733372253,15,3
12,17,8643.79627312642,7115,0.214869469167452,13,3
13,17,8294.94053238578,7002,0.184653032331589,17,3
14,17,8914.32745769421,7658,0.164054251461767,6,1
15,17,8557.70930236398,7254,0.179722815324508,18,3
16,17,8558.1183827198,7047,0.214434281640386,26,5
17,17,7730.96584363118,6706,0.152843102241452,22,4
18,17,8506.11764546937,7314,0.162991201185312,10,2
19,17,8112.48746902292,6795,0.193890723918016,4,1
20,17,8520.70673907578,6890,0.236677320620578,25,5
21,17,9254.71825834909,7291,0.269334557447414,7,2
22,17,7803.05516033036,6778,0.151232688157326,27,5
23,17,9378.48030089969,7520,0.247138337885597,2,1
24,17,7395.04867468538,6780,0.0907151437589057,12,2
25,17,8364.41174337156,7378,0.133696359903979,29,5
26,17,7746.78836549859,6960,0.113044305387729,24,4
27,17,8693.5140605833,7159,0.214347543034404,30,5
28,17,8535.63637015353,7292,0.170548048567407,9,2
29,17,8761.40554079348,7397,0.184453905744691,21,4
30,17,8935.52708311688,7311,0.222203129957171,3,1
1,18,9492.86864819647,7646,0.241547037430876,26,5
2,18,7085.41544457762,6476,0.0941036819916025,19,4
3,18,7884.07296229263,7172,0.0992851313849176,7,2
4,18,7837.64302956288,7028,0.115202480017485,22,4
5,18,8563.38307037775,6999,0.223515226514896,27,5
6,18,8326.23004041914,6866,0.212675508362823,20,4
7,18,9053.05611429492,7239,0.250594849329317,4,1
8,18,7690.45463574768,7095,0.0839259528890324,15,3
9,18,8017.93329340757,7026,0.141180371962364,9,2
10,18,8422.31706244653,7208,0.168467960938752,30,5
11,18,7655.60421557805,6836,0.119895291921891,28,5
12,18,9056.57865340636,7115,0.272885264006516,10,2
13,18,8646.56662916319,7002,0.234870983885059,17,3
14,18,8488.07611868617,7658,0.108393329679573,25,5
15,18,8451.55935824405,7254,0.165089517265515,18,3
16,18,8346.65514634214,7047,0.184426727166473,12,2
17,18,8392.77842451139,6706,0.251532720625021,21,4
18,18,8403.56696417075,7314,0.148970052525397,16,3
19,18,7372.73772296619,6795,0.0850239474563926,11,2
20,18,8466.20573739144,6890,0.228767160724446,24,4
21,18,9389.65784338,7291,0.287842249812097,6,1
22,18,7786.22131539004,6778,0.14874908754648,5,1
23,18,8743.6783928987,7520,0.16272319054504,2,1
24,18,8613.4131757695,6780,0.270414922679868,3,1
25,18,8287.5992600107,7378,0.123285342912808,1,1
26,18,8041.31738075375,6960,0.155361692637033,8,2
27,18,8453.3344127477,7159,0.180798213821441,14,3
28,18,8360.63516638335,7292,0.146548980579175,29,5
29,18,8847.20556669217,7397,0.196053206258235,13,3
30,18,9693.83353003173,7311,0.325924433050436,23,4
1,19,8900.39342855208,7646,0.164058779564751,7,2
2,19,7009.90898089188,6476,0.0824442527627976,6,1
3,19,7850.04876937231,7172,0.0945411000240254,20,4
4,19,8303.86493930514,7028,0.181540258865274,30,5
5,19,7662.81294979251,6999,0.0948439705375782,9,2
6,19,7698.93106931857,6866,0.121312419067662,12,2
7,19,8446.67449034286,7239,0.16682891149922,23,4
8,19,7661.58250595165,7095,0.0798565899861385,19,4
9,19,8322.29289596862,7026,0.184499415879394,2,1
10,19,8202.77043112346,7208,0.138009216304587,15,3
11,19,7689.54859689175,6836,0.124860824589197,21,4
12,19,9755.4976429986,7115,0.371117026422853,4,1
13,19,8312.50578161214,7002,0.187161636905476,28,5
14,19,8692.75787959048,7658,0.135121164741509,26,5
15,19,7846.61825941549,7254,0.081695376263508,25,5
16,19,7994.83285860207,7047,0.134501611835117,16,3
17,19,8019.62371965731,6706,0.195887819811708,24,4
18,19,7712.65581353485,7314,0.0545058536416251,17,3
19,19,7265.04322905508,6795,0.0691748681464427,1,1
20,19,7580.31124959067,6890,0.100190311987035,27,5
21,19,8266.1132313029,7291,0.133742042422562,5,1
22,19,7093.33858185363,6778,0.0465238391640056,13,3
23,19,8539.3394424373,7520,0.135550457770918,11,2
24,19,7781.13383594918,6780,0.147659857809613,8,2
25,19,8442.54770877759,7378,0.144286759118676,14,3
26,19,7666.5850822487,6960,0.101520845150675,22,4
27,19,8227.63358217413,7159,0.149271348257317,18,3
28,19,8580.79650208827,7292,0.176741154976449,3,1
29,19,7833.03393568129,7397,0.0589474024173711,10,2
30,19,8086.80467864992,7311,0.106114714628631,29,5
1,20,8502.25930717349,7646,0.111987876951804,19,4
2,20,7294.24145036688,6476,0.1263498224779,29,5
3,20,8301.94268616215,7172,0.157549175426959,10,2
4,20,7981.41690673498,7028,0.135659776143281,12,2
5,20,8000.88593504932,6999,0.143147011723006,24,4
6,20,8815.69492055567,6866,0.283963722772454,14,3
7,20,8345.19797111773,7239,0.152810881491606,23,4
8,20,7813.05534693419,7095,0.101205827615813,11,2
9,20,8566.83688401597,7026,0.219304993455162,5,1
10,20,9290.41380476272,7208,0.28890313606586,17,3
11,20,8187.13869950181,6836,0.197650482665567,15,3
12,20,8662.45173621067,7115,0.217491459762568,21,4
13,20,9077.54319830266,7002,0.296421479334855,27,5
14,20,9018.59730010664,7658,0.17767005747018,9,2
15,20,8062.26464144163,7254,0.111423303203975,4,1
16,20,10224.2714917825,7047,0.45086866635199,7,2
17,20,8039.66821430127,6706,0.198876858678984,1,1
18,20,8403.8715298658,7314,0.149011693993137,28,5
19,20,8398.72395647875,6795,0.236015298966703,3,1
20,20,8812.30604632122,6890,0.27899942617144,8,2
21,20,8153.06996130715,7291,0.118237547840783,13,3
22,20,7977.20829022831,6778,0.176926569818282,20,4
23,20,8842.7488010614,7520,0.175897446949654,26,5
24,20,8379.94355206542,6780,0.235979874935902,2,1
25,20,8827.64313604382,7378,0.196481856335568,16,3
26,20,7974.35044495594,6960,0.145740006459187,30,5
27,20,8156.59406398436,7159,0.139348241931046,22,4
28,20,8774.07567589833,7292,0.203246801412277,6,1
29,20,8561.37141665029,7397,0.157411304130092,18,3
30,20,9073.62796439925,7311,0.241092595322015,25,5
1,21,10733.7738453175,7646,0.403841727088342,27,5
2,21,9813.75822717446,6476,0.515404296969496,1,1
3,21,8774.41650517359,7172,0.223426729667261,7,2
4,21,9122.42287695318,7028,0.298011223243196,2,1
5,21,9319.49017209145,6999,0.331545959721596,30,5
6,21,8801.71406892413,6866,0.28192747872475,25,5
7,21,10540.3276962811,7239,0.456047478419819,26,5
8,21,9099.57066368247,7095,0.282532863098304,28,5
9,21,9183.18084819474,7026,0.307028301764125,14,3
10,21,9281.36785588687,7208,0.287648148707945,23,4
11,21,8951.62581323599,6836,0.309483003691632,11,2
12,21,10239.708630893,7115,0.439171979043285,10,2
13,21,8966.41463052748,7002,0.280550504217006,21,4
14,21,10608.0834480193,7658,0.385228969446235,29,5
15,21,7935.52783694372,7254,0.0939520039900357,12,2
16,21,10377.1287543429,7047,0.472559777826439,13,3
17,21,9283.7954188632,6706,0.384401344894602,18,3
18,21,11498.1980213882,7314,0.57208067013784,24,4
19,21,8813.02067824214,6795,0.2969861189466,15,3
20,21,9045.68447341662,6890,0.31287147654813,6,1
21,21,8925.52078549719,7291,0.224183347345658,8,2
22,21,9290.94286638156,6778,0.370749906518378,3,1
23,21,10373.9843993415,7520,0.379519202040089,20,4
24,21,8693.58812113046,6780,0.28224013585995,5,1
25,21,9748.20510677875,7378,0.321253064079526,17,3
26,21,7850.0857873109,6960,0.127885888981451,16,3
27,21,10861.8810131793,7159,0.517234392118906,9,2
28,21,9297.27046400631,7292,0.274995949534602,19,4
29,21,9124.97800205014,7397,0.233605245646903,4,1
30,21,10333.1252662805,7311,0.413366880902823,22,4
1,22,9491.36036316603,7646,0.241349772844105,28,5
2,22,8110.8838567859,6476,0.252452726495661,22,4
3,22,9210.69780691077,7172,0.284257920651251,10,2
4,22,9178.86251783022,7028,0.306041906350344,30,5
5,22,8791.60041625575,6999,0.256122362659772,19,4
6,22,9014.88522040469,6866,0.312974835479856,24,4
7,22,10065.1749994751,7239,0.390409586887015,21,4
8,22,10424.7627289571,7095,0.469311166872033,29,5
9,22,8148.36583408543,7026,0.159744639067098,23,4
10,22,9097.36394858317,7208,0.262120414620306,1,1
11,22,7538.4810702155,6836,0.10276200559033,13,3
12,22,9773.95791649672,7115,0.373711583485133,26,5
13,22,8677.58505560437,7002,0.239300921965776,7,2
14,22,9279.64159135124,7658,0.211757846872714,9,2
15,22,8653.66087204296,7254,0.192950216713946,17,3
16,22,9304.91757098766,7047,0.320408339859182,5,1
17,22,8914.58052084342,6706,0.329343948828426,11,2
18,22,11093.1262806979,7314,0.516697604689354,15,3
19,22,9655.49093160887,6795,0.420969967860025,27,5
20,22,8173.07900543835,6890,0.18622336798815,20,4
21,22,9512.58125706233,7291,0.304701859424267,12,2
22,22,8940.10950974903,6778,0.318989305067724,2,1
23,22,10728.0969035815,7520,0.426608630795412,6,1
24,22,7829.90364282921,6780,0.154853044665076,16,3
25,22,10361.335048547,7378,0.404355522980073,4,1
26,22,9514.84116122344,6960,0.367074879486127,18,3
27,22,8824.72504954602,7159,0.232675659944968,3,1
28,22,8840.07363483233,7292,0.212297536318202,8,2
29,22,8487.68352338491,7397,0.147449442123145,14,3
30,22,8869.88915632429,7311,0.213225161581766,25,5
1,23,8615.93433298997,7646,0.126855131178389,23,4
2,23,8062.98774576144,6476,0.245056785942163,5,1
3,23,7695.96943069697,7172,0.0730576451055456,18,3
4,23,8738.09509386392,7028,0.243325995142846,1,1
5,23,8207.07459992046,6999,0.172606743809181,25,5
6,23,7520.09141620444,6866,0.095265280542447,9,2
7,23,7980.96305868812,7239,0.102495242255577,8,2
8,23,7480.432365328,7095,0.0543245053316413,27,5
9,23,8074.26358450824,7026,0.149197777470572,12,2
10,23,8329.53490750427,7208,0.155595852872401,4,1
11,23,7486.4024400057,6836,0.0951437156240052,11,2
12,23,7968.41652826045,7115,0.119946103761131,19,4
13,23,8187.92308407443,7002,0.169369192241421,6,1
14,23,9012.13722121536,7658,0.176826484880564,16,3
15,23,7848.04276413863,7254,0.0818917513287332,14,3
16,23,7936.69128770883,7047,0.12625106963372,29,5
17,23,8893.27755730146,6706,0.32616724683887,10,2
18,23,8978.60598215056,7314,0.227591739424468,28,5
19,23,7579.01396893943,6795,0.115381010881447,15,3
20,23,7541.74763632619,6890,0.0945932708746289,22,4
21,23,8001.05423923943,7291,0.0973877711204818,13,3
22,23,8649.08098021622,6778,0.276052077340842,20,4
23,23,9939.83920693647,7520,0.321787128581977,3,1
24,23,7894.73464974145,6780,0.16441514007986,30,5
25,23,8013.34743487166,7378,0.0861137753959963,17,3
26,23,7544.40957556135,6960,0.0839668930404245,26,5
27,23,8043.64368877933,7159,0.123570846316431,21,4
28,23,9782.02619952598,7292,0.341473697137408,24,4
29,23,8604.92585768,7397,0.163299426481006,2,1
30,23,8501.23926016544,7311,0.162801157183072,7,2
1,24,9238.07039226942,7646,0.208222651356189,19,4
2,24,7376.88291009094,6476,0.139111011440849,30,5
3,24,10014.0257693332,7172,0.396266839003508,13,3
4,24,7482.99199064251,7028,0.0647398962211885,10,2
5,24,8092.37815852483,6999,0.156219196817378,24,4
6,24,7743.00037704366,6866,0.127730902569715,16,3
7,24,8314.30941125803,7239,0.148543916460565,12,2
8,24,7710.20831691743,7095,0.0867101221870932,15,3
9,24,8126.56800264456,7026,0.156642186542066,28,5
10,24,8753.48804572662,7208,0.214412880927666,2,1
11,24,8044.02214587737,6836,0.176714766804764,11,2
12,24,8380.13330924247,7115,0.177812130603299,23,4
13,24,8495.081621541,7002,0.213236449805913,1,1
14,24,8575.11282903331,7658,0.11975879198659,27,5
15,24,8603.27271151811,7254,0.186003958025656,26,5
16,24,8461.43249286344,7047,0.200714132661195,17,3
17,24,7940.83515598681,6706,0.184138854158487,20,4
18,24,8170.14608052365,7314,0.117055794438563,21,4
19,24,7807.57857750799,6795,0.149018186535393,25,5
20,24,7316.01475087518,6890,0.0618308782112022,6,1
21,24,8680.39917899332,7291,0.19056359607644,4,1
22,24,7383.18029799476,6778,0.0892859690166361,22,4
23,24,8693.61664522515,7520,0.156066043248026,8,2
24,24,7704.39384525682,6780,0.136341275111626,5,1
25,24,8697.46115668186,7378,0.17883723999483,29,5
26,24,7832.61393249576,6960,0.125375565013758,3,1
27,24,7630.03842040955,7159,0.0657966783642333,18,3
28,24,8797.96786031768,7292,0.20652329406441,7,2
29,24,7851.99681791116,7397,0.0615109933636827,9,2
30,24,8204.00918311645,7311,0.122145969513944,14,3
1,25,9240.16762863141,7646,0.208496943320874,21,4
2,25,8341.20919796807,6476,0.288018714942568,12,2
3,25,8001.39548941185,7172,0.115643542862779,29,5
4,25,8063.50389854338,7028,0.147339769286195,28,5
5,25,7738.85623738921,6999,0.105708849462667,16,3
6,25,7839.32822779257,6866,0.141760592454496,11,2
7,25,8556.84987145589,7239,0.182048607743596,30,5
8,25,7894.60213647165,7095,0.112699384985433,20,4
9,25,8350.50142188731,7026,0.188514292896002,3,1
10,25,8638.65649865639,7208,0.198481756195392,26,5
11,25,7811.55669674848,6836,0.142708703444774,8,2
12,25,8602.12721575859,7115,0.20901296075314,10,2
13,25,8485.76591865063,7002,0.211906015231452,23,4
14,25,8646.01156618266,7658,0.129016919062765,24,4
15,25,9096.57626996782,7254,0.254008308515002,1,1
16,25,7967.78781776783,7047,0.130663802719999,4,1
17,25,8790.2160701611,6706,0.310798698204757,14,3
18,25,8290.51569409428,7314,0.133513220412124,13,3
19,25,8063.17931938416,6795,0.186634189754843,2,1
20,25,8380.8076186754,6890,0.216372658733731,19,4
21,25,8921.93018292509,7291,0.223690876824179,25,5
22,25,7454.17339584414,6778,0.0997600170911975,27,5
23,25,8707.73613721379,7520,0.157943635267791,22,4
24,25,8008.48186643324,6780,0.181192015698118,7,2
25,25,9563.26923546504,7378,0.296187210011526,17,3
26,25,7461.85526444029,6960,0.0721056414425702,18,3
27,25,8566.90534470971,7159,0.196662291480614,9,2
28,25,8708.27822227338,7292,0.19422356312032,6,1
29,25,8815.40163410532,7397,0.191753634460636,15,3
30,25,8638.81456902845,7311,0.181618734650314,5,1
1,26,9514.72241648741,7646,0.244405233649936,25,5
2,26,8254.5482270398,6476,0.274636847906085,29,5
3,26,9214.76905431645,7172,0.284825579240999,27,5
4,26,8535.18779835361,7028,0.214454723727037,3,1
5,26,7710.8780263409,6999,0.101711391104571,14,3
6,26,8908.60711602679,6866,0.297495938832915,5,1
7,26,9150.69911917056,7239,0.264083315260472,20,4
8,26,8127.82240340075,7095,0.145570458548378,1,1
9,26,10282.8991354449,7026,0.463549549593632,19,4
10,26,8841.56788523178,7208,0.226632614488315,7,2
11,26,9415.80800274299,6836,0.377385606018576,13,3
12,26,8990.10958686464,7115,0.263543160486949,9,2
13,26,9294.36988586146,7002,0.327387872873673,18,3
14,26,9283.57712006298,7658,0.212271757647294,28,5
15,26,9429.06176530493,7254,0.299843088682786,10,2
16,26,9315.06155419899,7047,0.321847815268765,15,3
17,26,8488.1021632827,6706,0.265747414745407,11,2
18,26,9168.79914908908,7314,0.253595727247618,17,3
19,26,10278.2731671123,6795,0.512622982650811,26,5
20,26,9483.53259973996,6890,0.376419825796801,22,4
21,26,9660.10599691807,7291,0.324935673696073,8,2
22,26,7462.20386626555,6778,0.100944801750597,23,4
23,26,8878.29852174448,7520,0.180624803423468,12,2
24,26,9131.60037018167,6780,0.346843712416176,16,3
25,26,10546.1048665479,7378,0.429398870499855,30,5
26,26,8208.59278672403,6960,0.179395515333912,6,1
27,26,11194.9954234282,7159,0.563765249815371,21,4
28,26,10729.7810316036,7292,0.471445561108562,2,1
29,26,9508.85354617169,7397,0.285501358141367,24,4
30,26,9122.27368072002,7311,0.247746365848724,4,1
1,27,8444.30748337104,7646,0.104408512080962,12,2
2,27,7552.83149673928,6476,0.166280342300692,24,4
3,27,8922.30667131649,7172,0.244047221321317,6,1
4,27,8503.75137759482,7028,0.209981698576383,19,4
5,27,7564.55765901241,6999,0.0808054949296205,21,4
6,27,7844.8303339236,6866,0.142561947847888,20,4
7,27,8767.48923545474,7239,0.211146461590654,17,3
8,27,7860.63171877936,7095,0.107911447326195,1,1
9,27,8193.20273256928,7026,0.166126207311312,10,2
10,27,8236.71242260395,7208,0.142718149639838,26,5
11,27,7740.26471060802,6836,0.132279799679348,23,4
12,27,8588.29402052521,7115,0.207068730924133,18,3
13,27,7604.20198647425,7002,0.086004282558447,14,3
14,27,8168.86596292445,7658,0.0667101022361515,25,5
15,27,8051.56619436815,7254,0.109948469033381,5,1
16,27,8053.32483601755,7047,0.142801878248552,11,2
17,27,7417.40957334118,6706,0.106085531366117,22,4
18,27,8314.7928310654,7314,0.136832489891359,15,3
19,27,7417.00615552533,6795,0.0915388014018152,27,5
20,27,8309.28739154727,6890,0.205992364520649,4,1
21,27,8072.17167890026,7291,0.107141911795399,3,1
22,27,7736.71363365912,6778,0.141444914968888,30,5
23,27,8548.97395759506,7520,0.136831643297215,13,3
24,27,7816.97541053428,6780,0.152946225742519,16,3
25,27,7926.23851474566,7378,0.074307199070976,28,5
26,27,7956.92971886316,6960,0.143237028572293,7,2
27,27,7582.25105092985,7159,0.0591215324668047,2,1
28,27,9032.74387583,7292,0.238719675785793,29,5
29,27,8133.24935758575,7397,0.0995335078526086,8,2
30,27,8654.28345177467,7311,0.18373457143683,9,2
1,28,9615.57834383052,7646,0.257595912088741,27,5
2,28,7676.59357373599,6476,0.185391225098206,1,1
3,28,7859.19554385945,7172,0.0958164450445415,29,5
4,28,8142.83298644182,7028,0.158627345822684,15,3
5,28,7706.37225692187,6999,0.10106761779138,17,3
6,28,7557.59423771003,6866,0.100727386791441,3,1
7,28,8841.03329504332,7239,0.221305884105998,26,5
8,28,7923.418050511,7095,0.116760824596335,16,3
9,28,7984.72945535738,7026,0.136454519692197,21,4
10,28,8277.23144171818,7208,0.148339545188427,6,1
11,28,7631.51942966532,6836,0.116372064023599,12,2
12,28,8526.30592865733,7115,0.198356420050222,14,3
13,28,7933.58212173726,7002,0.133045147348937,2,1
14,28,8144.16173899494,7658,0.0634841654472373,7,2
15,28,7717.78492838506,7254,0.0639350604335616,11,2
16,28,7653.88409694996,7047,0.0861194972257639,18,3
17,28,7291.66919107198,6706,0.0873351015615843,13,3
18,28,7964.76569529482,7314,0.0889753480031207,22,4
19,28,7511.86276368798,6795,0.105498567135832,19,4
20,28,7307.5856313451,6890,0.06060749366402,20,4
21,28,7724.50945945065,7291,0.0594581620423324,25,5
22,28,7583.82035823302,6778,0.118887630308797,23,4
23,28,8259.65819247504,7520,0.0983588021908299,10,2
24,28,7369.19646758119,6780,0.086902133861532,4,1
25,28,7962.77215738597,7378,0.0792588990764393,8,2
26,28,7760.61733449049,6960,0.115031226219898,5,1
27,28,7932.41244163285,7159,0.10803358592441,28,5
28,28,7946.05342925604,7292,0.08969465568514,24,4
29,28,8247.5223360502,7397,0.114982065168338,30,5
30,28,7953.05268775955,7311,0.0878200913362809,9,2
1,29,9232.95365790037,7646,0.207553447279672,10,2
2,29,7949.99376838718,6476,0.227608673314882,20,4
3,29,7861.24617411135,7172,0.0961023667193736,28,5
4,29,7801.95142661129,7028,0.110123993541732,11,2
5,29,7645.26463439982,6999,0.0923367101585683,26,5
6,29,8166.12946637305,6866,0.189357626911309,24,4
7,29,8331.48973425488,7239,0.150917217054134,13,3
8,29,8707.36132458036,7095,0.227253181759035,21,4
9,29,8120.31927592993,7026,0.155752814678327,1,1
10,29,8585.06094081462,7208,0.191046190457078,16,3
11,29,8020.60592465019,6836,0.173289339474867,9,2
12,29,8115.01532403746,7115,0.140550291502102,12,2
13,29,8716.86749009425,7002,0.244911095414775,30,5
14,29,9206.709327457,7658,0.202234176998825,15,3
15,29,8191.06277249195,7254,0.129178766541487,29,5
16,29,8166.49778334964,7047,0.158861612508819,4,1
17,29,7874.42482691887,6706,0.17423573321188,23,4
18,29,8042.12764601422,7314,0.0995525903765686,22,4
19,29,7769.03494528156,6795,0.143345834478523,6,1
20,29,10287.0301767709,6890,0.493037761505207,5,1
21,29,8342.12609413496,7291,0.144167616806331,18,3
22,29,8057.68951095211,6778,0.188800458977885,14,3
23,29,8691.35223766755,7520,0.155764925221749,3,1
24,29,7722.07048016678,6780,0.13894844840218,27,5
25,29,7928.09960642402,7378,0.0745594478753072,2,1
26,29,7447.21292192543,6960,0.070001856598482,25,5
27,29,7883.72693667657,7159,0.101232984589547,7,2
28,29,8670.87352105889,7292,0.189094010019047,17,3
29,29,8381.27850448145,7397,0.133064553803089,19,4
30,29,8903.33737522448,7311,0.21780021545951,8,2
1,30,8635.64241949242,7646,0.129432699384309,4,1
2,30,7980.84791465507,6476,0.232373056617521,15,3
3,30,9546.21416490671,7172,0.331039342569256,12,2
4,30,9166.28508441856,7028,0.304252288619601,7,2
5,30,8523.82962368243,6999,0.217863926801318,1,1
6,30,11793.0198821572,6866,0.717596836900261,26,5
7,30,8221.14716503606,7239,0.135674425339972,6,1
8,30,8801.98042223351,7095,0.24058920679824,29,5
9,30,8733.22157577791,7026,0.24298627608567,30,5
10,30,21018.0285020197,7208,1.91593070227799,9,2
11,30,9205.35057899746,6836,0.346598972937018,24,4
12,30,9878.53022428111,7115,0.388409026603107,22,4
13,30,8824.82814723679,7002,0.26032964113636,13,3
14,30,10479.0061388835,7658,0.368373744957368,28,5
15,30,8104.32846170656,7254,0.117222010160816,16,3
16,30,10747.218604823,7047,0.52507713989258,11,2
17,30,7390.46001408952,6706,0.102066807946544,3,1
18,30,8852.34741402596,7314,0.210329151493842,10,2
19,30,10722.8668357702,6795,0.578052514462141,27,5
20,30,9721.45659005508,6890,0.410951609587094,17,3
21,30,10260.6743834913,7291,0.407306869221142,23,4
22,30,11815.0529364872,6778,0.743147379239779,2,1
23,30,10883.4884853205,7520,0.447272404962838,8,2
24,30,8241.17007491323,6780,0.215511810459178,18,3
25,30,8894.24594990523,7378,0.205509074262026,5,1
26,30,9138.30287154864,6960,0.312974550509862,14,3
27,30,8335.8947650724,7159,0.16439373726392,21,4
28,30,9505.98998674218,7292,0.303619032740287,25,5
29,30,9133.90654489098,7397,0.234812294834525,19,4
30,30,8217.07271738914,7311,0.123932802269065,20,4
